{"product_id":"P101", "user_id":"U101", "cancellation":"false", "return":"true", "cancellation_reason":"NA", "return_reason":"Duplicate product","order_date":"2015-10-18", "shipment_date":"2015-09-19", "delivery_date":""2015-09-20"", "cancellation_date":"NA", "return_date":"2015-09-25"}
{"product_id":"P101", "user_id":"U101", "cancellation":"false", "return":"true", "cancellation_reason":"NA", "return_reason":"Duplicate product","order_date":"2015-09-18", "shipment_date":"2015-09-19", "delivery_date":""2015-09-20"", "cancellation_date":"NA", "return_date":"2015-09-25"}
{"product_id":"P103", "user_id":"U103", "cancellation":"false", "return":"true", "cancellation_reason":"NA", "return_reason":"Duplicate product","order_date":"2015-09-18", "shipment_date":"2015-09-19", "delivery_date":""2015-09-20"", "cancellation_date":"NA", "return_date":"2015-09-25"}
